feature,importance,importance_fraction
num__Disease Duration,99.61396989258837,0.9961396989258837
num__Age,0.1794853581579833,0.001794853581579833
num__Hospitalizations,0.11479328803315376,0.0011479328803315376
num__GAF Score,0.06156660790343508,0.0006156660790343507
num__Patient ID,0.030184853317051997,0.00030184853317051996
